-- MySQL Script generated by MySQL Workbench
-- Sun Dec 20 18:27:23 2020
-- Model: New Model    Version: 1.0
-- MySQL Workbench Forward Engineering

SET @OLD_UNIQUE_CHECKS=@@UNIQUE_CHECKS, UNIQUE_CHECKS=0;
SET @OLD_FOREIGN_KEY_CHECKS=@@FOREIGN_KEY_CHECKS, FOREIGN_KEY_CHECKS=0;
SET @OLD_SQL_MODE=@@SQL_MODE, SQL_MODE='ONLY_FULL_GROUP_BY,STRICT_TRANS_TABLES,NO_ZERO_IN_DATE,NO_ZERO_DATE,ERROR_FOR_DIVISION_BY_ZERO,NO_ENGINE_SUBSTITUTION';

-- -----------------------------------------------------
-- Schema reegalo
-- -----------------------------------------------------

-- -----------------------------------------------------
-- Schema reegalo
-- -----------------------------------------------------
CREATE SCHEMA IF NOT EXISTS `reegalo` DEFAULT CHARACTER SET utf8 ;
USE `reegalo` ;

-- -----------------------------------------------------
-- Table `reegalo`.`users`
-- -----------------------------------------------------
CREATE TABLE IF NOT EXISTS `reegalo`.`users` (
  `id` INT UNSIGNED NOT NULL AUTO_INCREMENT,
  `first_name` VARCHAR(150) NOT NULL,
  `last_name` VARCHAR(100) NOT NULL,
  `email` VARCHAR(150) NOT NULL,
  `password` VARCHAR(150) NOT NULL,
  `rol` VARCHAR(45) NULL,
  `image` VARCHAR(100) NULL,
  `last_login` DATE NULL,
  `last_date_password` DATE NULL,
  `language` VARCHAR(100) NULL,
  `country` VARCHAR(150) NULL,
  `brday` DATE NULL,
  `residence` VARCHAR(150) NULL,
  `phone` VARCHAR(50) NULL,
  `dark_mode` CHAR(1) NULL,
  `status` VARCHAR(15) NOT NULL,
  PRIMARY KEY (`id`),
  UNIQUE INDEX `email_UNIQUE` (`email` ASC) VISIBLE)
ENGINE = InnoDB;


-- -----------------------------------------------------
-- Table `reegalo`.`suppliers`
-- -----------------------------------------------------
CREATE TABLE IF NOT EXISTS `reegalo`.`suppliers` (
  `id` INT UNSIGNED NOT NULL AUTO_INCREMENT,
  `name` VARCHAR(45) NOT NULL,
  `description` VARCHAR(150) NULL,
  `status` VARCHAR(15) NOT NULL,
  PRIMARY KEY (`id`),
  UNIQUE INDEX `name_UNIQUE` (`name` ASC) VISIBLE)
ENGINE = InnoDB;


-- -----------------------------------------------------
-- Table `reegalo`.`categories`
-- -----------------------------------------------------
CREATE TABLE IF NOT EXISTS `reegalo`.`categories` (
  `id` INT UNSIGNED NOT NULL AUTO_INCREMENT,
  `name` VARCHAR(45) NOT NULL,
  `description` VARCHAR(100) NOT NULL,
  PRIMARY KEY (`id`),
  UNIQUE INDEX `name_UNIQUE` (`name` ASC) VISIBLE)
ENGINE = InnoDB;


-- -----------------------------------------------------
-- Table `reegalo`.`products`
-- -----------------------------------------------------
CREATE TABLE IF NOT EXISTS `reegalo`.`products` (
  `id` INT UNSIGNED NOT NULL AUTO_INCREMENT,
  `name` VARCHAR(150) NOT NULL,
  `description` VARCHAR(700) NOT NULL,
  `category_id` INT UNSIGNED NOT NULL,
  `supplier_id` INT UNSIGNED NOT NULL,
  `created_at` TIMESTAMP NOT NULL,
  `expiration_days` SMALLINT NOT NULL,
  `share` VARCHAR(100) NULL,
  `price` DECIMAL NOT NULL,
  `discount` DECIMAL NULL,
  `life_date_from` DATE NOT NULL,
  `life_date_to` DATE NOT NULL,
  `stock` INT NOT NULL,
  `status` VARCHAR(15) NOT NULL,
  `user_id` INT UNSIGNED NOT NULL,
  PRIMARY KEY (`id`),
  INDEX `fk_products_suppliers_idx` (`supplier_id` ASC) VISIBLE,
  INDEX `fk_products_categories1_idx` (`category_id` ASC) VISIBLE,
  UNIQUE INDEX `name_UNIQUE` (`name` ASC) VISIBLE,
  INDEX `user_id_idx` (`user_id` ASC) VISIBLE,
  CONSTRAINT `fk_products_suppliers`
    FOREIGN KEY (`supplier_id`)
    REFERENCES `reegalo`.`suppliers` (`id`)
    ON DELETE NO ACTION
    ON UPDATE NO ACTION,
  CONSTRAINT `fk_products_categories1`
    FOREIGN KEY (`category_id`)
    REFERENCES `reegalo`.`categories` (`id`)
    ON DELETE NO ACTION
    ON UPDATE NO ACTION,
  CONSTRAINT `user_id`
    FOREIGN KEY (`user_id`)
    REFERENCES `reegalo`.`users` (`id`)
    ON DELETE NO ACTION
    ON UPDATE NO ACTION)
ENGINE = InnoDB;


-- -----------------------------------------------------
-- Table `reegalo`.`comments`
-- -----------------------------------------------------
CREATE TABLE IF NOT EXISTS `reegalo`.`comments` (
  `id` INT UNSIGNED NOT NULL AUTO_INCREMENT,
  `user_id` INT UNSIGNED NOT NULL,
  `product_id` INT UNSIGNED NOT NULL,
  `comment` VARCHAR(300) NULL,
  `score` INT NOT NULL,
  `created_at` TIMESTAMP NOT NULL,
  PRIMARY KEY (`id`),
  INDEX `fk_coments_users1_idx` (`user_id` ASC) VISIBLE,
  INDEX `fk_coments_products1_idx` (`product_id` ASC) INVISIBLE,
  CONSTRAINT `fk_coments_users1`
    FOREIGN KEY (`user_id`)
    REFERENCES `reegalo`.`users` (`id`)
    ON DELETE NO ACTION
    ON UPDATE NO ACTION,
  CONSTRAINT `fk_coments_products1`
    FOREIGN KEY (`product_id`)
    REFERENCES `reegalo`.`products` (`id`)
    ON DELETE NO ACTION
    ON UPDATE NO ACTION)
ENGINE = InnoDB;


-- -----------------------------------------------------
-- Table `reegalo`.`statuses`
-- -----------------------------------------------------
CREATE TABLE IF NOT EXISTS `reegalo`.`statuses` (
  `id` INT UNSIGNED NOT NULL AUTO_INCREMENT,
  `name` VARCHAR(45) NOT NULL,
  `description` VARCHAR(300) NOT NULL,
  PRIMARY KEY (`id`),
  UNIQUE INDEX `name_UNIQUE` (`name` ASC) VISIBLE)
ENGINE = InnoDB;


-- -----------------------------------------------------
-- Table `reegalo`.`purchases`
-- -----------------------------------------------------
CREATE TABLE IF NOT EXISTS `reegalo`.`purchases` (
  `id` INT UNSIGNED NOT NULL AUTO_INCREMENT,
  `user_id` INT UNSIGNED NOT NULL,
  `purchase_date` DATE NULL,
  `total` DECIMAL NOT NULL,
  `status_id` INT UNSIGNED NOT NULL,
  PRIMARY KEY (`id`),
  INDEX `fk_invoice_users1_idx` (`user_id` ASC) VISIBLE,
  INDEX `fk_purchases_statuses1_idx` (`status_id` ASC) VISIBLE,
  CONSTRAINT `fk_invoice_users1`
    FOREIGN KEY (`user_id`)
    REFERENCES `reegalo`.`users` (`id`)
    ON DELETE NO ACTION
    ON UPDATE NO ACTION,
  CONSTRAINT `fk_purchases_statuses1`
    FOREIGN KEY (`status_id`)
    REFERENCES `reegalo`.`statuses` (`id`)
    ON DELETE NO ACTION
    ON UPDATE NO ACTION)
ENGINE = InnoDB;


-- -----------------------------------------------------
-- Table `reegalo`.`purchase_product`
-- -----------------------------------------------------
CREATE TABLE IF NOT EXISTS `reegalo`.`purchase_product` (
  `id` INT UNSIGNED NOT NULL AUTO_INCREMENT,
  `purchase_id` INT UNSIGNED NOT NULL,
  `product_id` INT UNSIGNED NOT NULL,
  `quantity` INT NOT NULL,
  `price` DECIMAL NOT NULL,
  `discount` DECIMAL NULL,
  `expiration_days` SMALLINT NULL,
  INDEX `fk_invoice_has_products_products1_idx` (`product_id` ASC) VISIBLE,
  INDEX `fk_invoice_has_products_invoice1_idx` (`purchase_id` ASC) VISIBLE,
  PRIMARY KEY (`id`),
  CONSTRAINT `fk_invoice_has_products_invoice1`
    FOREIGN KEY (`purchase_id`)
    REFERENCES `reegalo`.`purchases` (`id`)
    ON DELETE NO ACTION
    ON UPDATE NO ACTION,
  CONSTRAINT `fk_invoice_has_products_products1`
    FOREIGN KEY (`product_id`)
    REFERENCES `reegalo`.`products` (`id`)
    ON DELETE NO ACTION
    ON UPDATE NO ACTION)
ENGINE = InnoDB;


-- -----------------------------------------------------
-- Table `reegalo`.`product_image`
-- -----------------------------------------------------
CREATE TABLE IF NOT EXISTS `reegalo`.`product_image` (
  `id` INT UNSIGNED NOT NULL AUTO_INCREMENT,
  `product_id` INT UNSIGNED NOT NULL,
  `image` VARCHAR(100) NOT NULL,
  `number` TINYINT NULL,
  INDEX `fk_products_images_1_idx` (`product_id` ASC) VISIBLE,
  PRIMARY KEY (`id`),
  CONSTRAINT `fk_products_images1`
    FOREIGN KEY (`product_id`)
    REFERENCES `reegalo`.`products` (`id`)
    ON DELETE NO ACTION
    ON UPDATE NO ACTION)
ENGINE = InnoDB;


-- -----------------------------------------------------
-- Table `reegalo`.`recipients`
-- -----------------------------------------------------
CREATE TABLE IF NOT EXISTS `reegalo`.`recipients` (
  `id` INT UNSIGNED NOT NULL AUTO_INCREMENT,
  `first_name` VARCHAR(45) NOT NULL,
  `last_name` VARCHAR(45) NOT NULL,
  `email` VARCHAR(150) NOT NULL,
  `address` VARCHAR(300) NOT NULL,
  PRIMARY KEY (`id`))
ENGINE = InnoDB;


-- -----------------------------------------------------
-- Table `reegalo`.`recipient_purchase`
-- -----------------------------------------------------
CREATE TABLE IF NOT EXISTS `reegalo`.`recipient_purchase` (
  `id` INT UNSIGNED NOT NULL AUTO_INCREMENT,
  `message` VARCHAR(500) NULL,
  `purchase_id` INT UNSIGNED NOT NULL,
  `recipient_id` INT UNSIGNED NOT NULL,
  PRIMARY KEY (`id`),
  INDEX `purchase_id_idx` (`purchase_id` ASC) VISIBLE,
  INDEX `recipient_id_idx` (`recipient_id` ASC) VISIBLE,
  CONSTRAINT `purchase_id`
    FOREIGN KEY (`purchase_id`)
    REFERENCES `reegalo`.`purchases` (`id`)
    ON DELETE NO ACTION
    ON UPDATE NO ACTION,
  CONSTRAINT `recipient_id`
    FOREIGN KEY (`recipient_id`)
    REFERENCES `reegalo`.`recipients` (`id`)
    ON DELETE NO ACTION
    ON UPDATE NO ACTION)
ENGINE = InnoDB;


SET SQL_MODE=@OLD_SQL_MODE;
SET FOREIGN_KEY_CHECKS=@OLD_FOREIGN_KEY_CHECKS;
SET UNIQUE_CHECKS=@OLD_UNIQUE_CHECKS;

-- -----------------------------------------------------
-- Table `reegalo`.`categories` -- insert
-- -----------------------------------------------------
insert into categories values ('1','Gastronomia','Gastronomia');
insert into categories values ('2','Aire Libre','Aire Libre');
insert into categories values ('3','Espectaculos','Espectaculos');
insert into categories values ('4','Conocimientos','Conocimientos');
insert into categories values ('5','Experiencias Unicas','Experiencias Unicas');
insert into categories values ('6','Lugares para Conocer','Lugares para Conocer');

-- -----------------------------------------------------
-- Table `reegalo`.`users` -- insert
-- -----------------------------------------------------
insert into users values ('1','','','admin@dh.com','$2a$10$DVBpNXgqc7nfxk6wnZCg/.oQ39UFnMWznKqmOIiO93zx9OzxQJ3Ri','admin','profile-admin@dh.com.jpg','2020-12-20','2020-12-20','esp','','2020-12-12','','','n','active');
insert into users values ('2','','','user@dh.com','$2a$10$j0gnUS5gdzaji1ICXUSZKOs6CAqC23Fl/Z4Pd.oTnqWrJZ9yRXQv6','user','profile-user@dh.com.jpg','2020-12-21','2020-12-21','esp','','2020-12-10','','','n','active');

-- -----------------------------------------------------
-- Table `reegalo`.`suppliers` -- insert
-- -----------------------------------------------------
insert into suppliers values ('1','Blogtag','Razon Social Blogtag','Habilitado');
insert into suppliers values ('2','Vinder','Razon Social Vinder','Habilitado');
insert into suppliers values ('3','Eimbee','Razon Social Eimbee','Inhabilitado');
insert into suppliers values ('4','Quimm','Razon Social Quimm','Inhabilitado');
insert into suppliers values ('5','Skippad','Razon Social Skippad','Inhabilitado');
insert into suppliers values ('6','Voolia','Razon Social Voolia','Inhabilitado');
insert into suppliers values ('7','Einti','Razon Social Einti','Habilitado');
insert into suppliers values ('8','Dynazzy','Razon Social Dynazzy','Habilitado');
insert into suppliers values ('9','Devbug','Razon Social Devbug','Habilitado');
insert into suppliers values ('10','Leexo','Razon Social Leexo','Habilitado');
insert into suppliers values ('11','Tagfeed','Razon Social Tagfeed','Inhabilitado');
insert into suppliers values ('12','Trilith','Razon Social Trilith','Habilitado');
insert into suppliers values ('13','Muxo','Razon Social Muxo','Inhabilitado');
insert into suppliers values ('14','Ozu','Razon Social Ozu','Inhabilitado');
insert into suppliers values ('15','Brainbox','Razon Social Brainbox','Habilitado');
insert into suppliers values ('16','Riffwire','Razon Social Riffwire','Habilitado');
insert into suppliers values ('17','Eidel','Razon Social Eidel','Habilitado');
insert into suppliers values ('18','Trudeo','Razon Social Trudeo','Inhabilitado');
insert into suppliers values ('19','Teklist','Razon Social Teklist','Inhabilitado');
insert into suppliers values ('20','Dabfeed','Razon Social Dabfeed','Habilitado');
insert into suppliers values ('21','Linkbridge','Razon Social Linkbridge','Habilitado');
insert into suppliers values ('22','Midel','Razon Social Midel','Inhabilitado');
insert into suppliers values ('23','Photofeed','Razon Social Photofeed','Inhabilitado');
insert into suppliers values ('24','Skinder','Razon Social Skinder','Habilitado');
insert into suppliers values ('25','Brainbox_1','Razon Social Brainbox','Habilitado');
insert into suppliers values ('26','Oozz','Razon Social Oozz','Inhabilitado');
insert into suppliers values ('27','Eare','Razon Social Eare','Habilitado');
insert into suppliers values ('28','Divape','Razon Social Divape','Habilitado');
insert into suppliers values ('29','Edgetag','Razon Social Edgetag','Inhabilitado');
insert into suppliers values ('30','Skippad_1','Razon Social Skippad','Habilitado');
insert into suppliers values ('31','Voomm','Razon Social Voomm','Inhabilitado');
insert into suppliers values ('32','Tazzy','Razon Social Tazzy','Habilitado');
insert into suppliers values ('33','Abata','Razon Social Abata','Habilitado');
insert into suppliers values ('34','Fivechat','Razon Social Fivechat','Inhabilitado');
insert into suppliers values ('35','LiveZ','Razon Social LiveZ','Inhabilitado');
insert into suppliers values ('36','Photobug','Razon Social Photobug','Inhabilitado');
insert into suppliers values ('37','Avamm','Razon Social Avamm','Habilitado');
insert into suppliers values ('38','Aimbu','Razon Social Aimbu','Inhabilitado');
insert into suppliers values ('39','Eimbee_1','Razon Social Eimbee','Inhabilitado');
insert into suppliers values ('40','Feedfish','Razon Social Feedfish','Inhabilitado');
insert into suppliers values ('41','Yotz','Razon Social Yotz','Inhabilitado');
insert into suppliers values ('42','Kazio','Razon Social Kazio','Inhabilitado');
insert into suppliers values ('43','Jetpulse','Razon Social Jetpulse','Inhabilitado');
insert into suppliers values ('44','Meeveo','Razon Social Meeveo','Habilitado');
insert into suppliers values ('45','Oyoloo','Razon Social Oyoloo','Inhabilitado');
insert into suppliers values ('46','Flashdog','Razon Social Flashdog','Habilitado');
insert into suppliers values ('47','Edgetag_1','Razon Social Edgetag','Inhabilitado');
insert into suppliers values ('48','Dabfeed_1','Razon Social Dabfeed','Habilitado');
insert into suppliers values ('49','Voolia_1','Razon Social Voolia','Inhabilitado');
insert into suppliers values ('50','Livepath','Razon Social Livepath','Habilitado');
insert into suppliers values ('51','Jaxspan','Razon Social Jaxspan','Inhabilitado');
insert into suppliers values ('52','Jaloo','Razon Social Jaloo','Inhabilitado');
insert into suppliers values ('53','Wikivu','Razon Social Wikivu','Habilitado');
insert into suppliers values ('54','Jabberbean','Razon Social Jabberbean','Habilitado');
insert into suppliers values ('55','Tagpad','Razon Social Tagpad','Habilitado');
insert into suppliers values ('56','Skyble','Razon Social Skyble','Inhabilitado');
insert into suppliers values ('57','Twiyo','Razon Social Twiyo','Inhabilitado');
insert into suppliers values ('58','Riffwire_1','Razon Social Riffwire','Inhabilitado');
insert into suppliers values ('59','Realfire','Razon Social Realfire','Habilitado');
insert into suppliers values ('60','Jabberbean_1','Razon Social Jabberbean','Habilitado');
insert into suppliers values ('61','Centizu','Razon Social Centizu','Habilitado');
insert into suppliers values ('62','Tagfeed_2','Razon Social Tagfeed','Inhabilitado');
insert into suppliers values ('63','Riffpedia','Razon Social Riffpedia','Habilitado');
insert into suppliers values ('64','Linktype','Razon Social Linktype','Habilitado');
insert into suppliers values ('65','Brightdog','Razon Social rightdog','Inhabilitado');
insert into suppliers values ('66','Blogtag_2','Razon Social Blogtag','Inhabilitado');
insert into suppliers values ('67','Topdrive','Razon Social Topdrive','Inhabilitado');
insert into suppliers values ('68','Viva','Razon Social Viva','Inhabilitado');
insert into suppliers values ('69','Agivu','Razon Social givu','Habilitado');
insert into suppliers values ('70','Riffwire_2','Razon Social Riffwire','Inhabilitado');
insert into suppliers values ('71','Zoomdog','Razon Social Zoomdog','Inhabilitado');
insert into suppliers values ('72','Pixonyx','Razon Social Pixonyx','Habilitado');
insert into suppliers values ('73','Zoombox','Razon Social Zoombox','Habilitado');
insert into suppliers values ('74','Wikibox','Razon Social Wikibox','Habilitado');
insert into suppliers values ('75','Tagtune','Razon Social Tagtune','Habilitado');
insert into suppliers values ('76','Kwinu','Razon Social Kwinu','Inhabilitado');
insert into suppliers values ('77','Brightdog_2','Razon Social Brightdog','Habilitado');
insert into suppliers values ('78','Feedmix','Razon Social Feedmix','Inhabilitado');
insert into suppliers values ('79','Edgetag_2','Razon Social Edgetag','Inhabilitado');
insert into suppliers values ('80','Photolist','Razon Social Photolist','Inhabilitado');
insert into suppliers values ('81','Voonix','Razon Social Voonix','Habilitado');
insert into suppliers values ('82','Wikizz','Razon Social Wikizz','Inhabilitado');
insert into suppliers values ('83','Jabbercube','Razon Social Jabbercube','Habilitado');
insert into suppliers values ('84','Twitterworks','Razon Social Twitterworks','Inhabilitado');
insert into suppliers values ('85','Ntags','Razon Social Ntags','Inhabilitado');
insert into suppliers values ('86','Oyoba','Razon Social Oyoba','Inhabilitado');
insert into suppliers values ('87','Babbleset','Razon Social Babbleset','Inhabilitado');
insert into suppliers values ('88','Trilith_3','Razon Social Trilith','Inhabilitado');
insert into suppliers values ('89','Meetz','Razon Social Meetz','Inhabilitado');
insert into suppliers values ('90','Janyx','Razon Social Janyx','Inhabilitado');
insert into suppliers values ('91','Wordify','Razon Social Wordify','Inhabilitado');
insert into suppliers values ('92','Vinder_3','Razon Social Vinder','Habilitado');
insert into suppliers values ('93','Dabshots','Razon Social Dabshots','Habilitado');
insert into suppliers values ('94','Twiyo_3','Razon Social Twiyo','Inhabilitado');
insert into suppliers values ('95','Jaxworks','Razon Social Jaxworks','Habilitado');
insert into suppliers values ('96','Blogtags','Razon Social Blogtags','Inhabilitado');
insert into suppliers values ('97','Skimia','Razon Social Skimia','Inhabilitado');
insert into suppliers values ('98','Jabberbean_3','Razon Social Jabberbean','Habilitado');
insert into suppliers values ('99','Shufflester','Razon Social Shufflester','Habilitado');
insert into suppliers values ('100','Muxo_4','Razon Social Muxo','Habilitado');

-- -----------------------------------------------------
-- Table `reegalo`.`products` -- insert
-- -----------------------------------------------------
insert into products values ('1','Comiendo en Puerto Madero','Comiendo algo rico por puerto Madero12','1','100','2020-10-09','365','Invividual','1055','10','2020-12-09','2020-12-10','12','Habilitado','1');
insert into products values ('2','Delicias para el paladar','Nuestro Top 3 para vivir la fusión perfecta de sabores.','1','2','2020-10-09','365','Para Compartir x 2','1216','5','2020-10-09','2021-10-09','12','Inhabilitado','1');
insert into products values ('3','Date un gusto','Tres propuestas para transportarse a Italia desde el primer bocado.','1','3','2020-10-09','365','Individual','1876','20','2020-10-09','2021-10-09','12','Habilitado','1');
insert into products values ('4','Comida rapida de calidad','Una experiencia que combina vinos & conservas seleccionadas creando perfectos maridajes. Una propuesta especial para amantes del vino y de los buenos sabores.','1','4','2020-10-09','365','Para Compartir x 2','1050','0','2020-10-09','2021-10-09','12','Habilitado','1');
insert into products values ('5','Comemos juntos','La mejor pastelería de Santa Fe para disfrutar en la comodidad de tu casa. La combinación perfecta, y si lo acompañas con un café, es imposible resistirse!','1','5','2020-10-09','365','Individual','1265','10','2020-10-09','2020-10-09','12','Habilitado','1');
insert into products values ('6','Paseo por el rosedal','Paseo por el lugar con hermosas rosas','2','6','2020-10-09','365','Para Compartir x 2','1952','5','2020-10-09','2020-10-09','12','Habilitado','1');
insert into products values ('7','Cine al aire libre','Auto y cine, que mas se puede pedir','2','7','2020-10-09','365','Individual','1842','20','2020-10-09','2020-10-09','12','Habilitado','1');
insert into products values ('8','Paseo por el rio en velero','Amanecer, vino y agua','2','8','2020-10-09','365','Para Compartir x 2','1231','0','2020-10-09','2021-10-09','12','Habilitado','1');
insert into products values ('9','Paseo por la capital','Todo lo que tenes que saber de la capital lo encontras aca','2','9','2020-10-09','365','Individual','1751','10','2020-10-09','2020-10-09','12','Habilitado','1');
insert into products values ('10','Juegos extremos','Juegos extremos para divertirse','2','10','2020-10-09','365','Para Compartir x 2','1531','5','2020-10-09','2020-10-09','12','Habilitado','1');
insert into products values ('12','Teatro en Corrientes','Elegi la funcion en nuestra pagina','3','2','2020-10-09','365','Para Compartir x 2','1962','0','2020-10-09','2020-10-09','12','Habilitado','1');
insert into products values ('13','Comedia para no parar de reir','No vas a poder dejar de reirte de los chistes que nos cuenta DArio','3','3','2020-10-09','365','Individual','1457','10','2020-10-09','2020-10-09','12','Habilitado','1');
insert into products values ('14','Ja Ja Ja','Alguna idea de lo que te hace reir','3','4','2020-10-09','365','Para Compartir x 2','1266','5','2020-10-09','2020-10-09','12','Habilitado','1');
insert into products values ('15','Casados con hijos','Tipica familia en vivo, algo que no te podes perder','3','5','2020-10-09','365','Individual','1748','20','2020-10-09','2021-10-09','12','Habilitado','1');
insert into products values ('16','Piano como Beethoven ','4 clases de piano','4','6','2020-10-09','365','Para Compartir x 2','1008','0','2020-10-09','2021-10-09','12','Habilitado','1');
insert into products values ('17','Aprende de Marketing','5 clases de marketing para saber usar redes sociales','4','7','2020-10-09','365','Individual','1056','10','2020-10-09','2021-10-09','12','Habilitado','1');
insert into products values ('18','Emprendimientos 2.0','Aprende como sacar adelante tu emprendimiento','4','8','2020-10-09','365','Para Compartir x 2','1486','5','2020-10-09','2021-10-09','12','Habilitado','1');
insert into products values ('19','Programacion en Digital House','Convertite en un crack aprendiendo en Digital House','4','9','2020-10-09','365','Individual','1542','20','2020-10-09','2021-10-09','12','Habilitado','1');
insert into products values ('20','Pintar te libera','6 clases de pintura','4','10','2020-10-09','365','Para Compartir x 2','1828','0','2020-10-09','2021-10-09','12','Inhabilitado','1');
insert into products values ('21','Paracaidas','10 segundos de pura adrenalina','5','1','2020-10-09','365','Individual','1483','10','2020-10-09','2021-10-09','12','Inhabilitado','1');
insert into products values ('22','Parapente','Una vista que no te podes perder','5','2','2020-10-09','365','Para Compartir x 2','1586','5','2020-10-09','2021-10-09','12','Habilitado','1');
insert into products values ('23','Paintball','Divertite a lo maximo','5','3','2020-10-09','365','Para Compartir x 2','1506','20','2020-10-09','2021-10-09','12','Habilitado','1');
insert into products values ('24','Rompe todo','Los lugares donde la gente se suele liberar','5','4','2020-10-09','365','Para Compartir x 2','1602','0','2020-10-09','2021-10-09','12','Habilitado','1');
insert into products values ('25','Buceo','Agua para los que no le tienen miedo a los tiburones','5','5','2020-10-09','365','Individual','1363','10','2020-10-09','2021-10-09','12','Habilitado','1');
insert into products values ('27','Puerto Madero de Noche','Hotel en Puerto Madero con todo incluido','6','7','2020-10-09','365','Individual','1726','20','2020-10-09','2021-10-09','12','Inhabilitado','1');
insert into products values ('28','Escapada a Cordoba','Cordoba, lo mejor que podes encontrar','6','8','2020-10-09','365','Para Compartir x 2','1542','0','2020-10-09','2021-10-09','12','Inhabilitado','1');
insert into products values ('29','Bariloche nos encanta','Bariloche con sus lagos','6','9','2020-10-09','365','Individual','1097','20','2020-10-09','2021-10-09','12','Inhabilitado','1');
insert into products values ('30','Quiero ir a alguna parte','Escapate un fin de semana a Neuquen','6','10','2020-10-09','365','Para Compartir x 2','1752','0','2020-10-09','2021-10-09','12','Habilitado','1');
insert into products values ('31','Tour inolvidable por Paises Bajos 2','Lorem ipsum dolor sit amet consectetur adipisicing elit. Nobis sint provident, blanditiis soluta dicta excepturi tempore nihil reprehenderit perspiciatis molestiae aut a ex ab repudiandae nostrum delectus obcaecati consectetur distincti?
Nobis sint provident, blanditiis soluta dicta excepturi tempore nihil ','6','8','2020-11-09','365','Individual','1500','5','2020-11-01','2020-12-31','10','Habilitado','1');
insert into products values ('32','Tour de compras por New York','Lorem ipsum dolor sit amet consectetur adipisicing elit. Nobis sint provident, blanditiis soluta dicta excepturi tempore nihil reprehenderit perspiciatis molestiae aut a ex ab repudiandae nostrum delectus obcaecati consectetur distincti?
Nobis sint provident, blanditiis soluta dicta excepturi tempore nihil ','6','15','2020-11-09','365','Para Compartir x 2','2500','10','2020-11-09','2021-11-09','15','Habilitado','1');
insert into products values ('33','Tour de compras de Tecnologia por Miami 13 segunda parte','Lorem ipsum dolor sit amet consectetur adipisicing elit. Nobis sint provident, blanditiis soluta dicta excepturi tempore nihil reprehenderit perspiciatis molestiae aut a ex ab repudiandae nostrum delectus obcaecati consectetur distincti?
','6','21','2020-11-09','365','Para Compartir x 3','1313','13','2020-11-09','2021-11-09','15','Habilitado','1');
insert into products values ('34','Tour de degustacion de comidas tipicas ','Lorem ipsum dolor sit amet consectetur adipisicing elit. Nobis sint provident, blanditiis soluta dicta excepturi tempore nihil reprehenderit perspiciatis molestiae aut a ex ab repudiandae nostrum delectus obcaecati consectetur distincti?
Nobis sint provident, blanditiis soluta dicta excepturi tempore nihil ','6','28','2020-11-09','365','Individual','3050','25','2020-11-09','2021-11-09','13','Habilitado','1');
insert into products values ('35','Palotes de primera','Una cena en Palotes. No podes perderte de la hamburguesa Palotes con doble cheddar, panceta, pepinos y unas papas rusticas increibles.
','1','7','2020-11-16','300','Para compartir X 2','2000','20','2020-12-01','2021-02-18','2','Habilitado','1');
insert into products values ('36','Tour de compras de Tecnologia por Alemania','Tour de compras de Tecnologia por Alemania. De regalo 2 ticket para ver Bayer Munich vs Desamparados de San Juan','5','99','2020-11-28','365','Para Compartir x 20','5500','5','2020-12-01','2020-12-12','15','Habilitado','1');
insert into products values ('38','Visitas al planetario de Buenos Aires','Visitas al planetario de Buenos Aires. Disfrute de la experiencia de ver el universo','3','15','2020-12-01','365','Para Compartir x 2','900','0','2020-12-09','2020-12-17','15','Habilitado','1');
insert into products values ('40','Tour de compras de Tecnologia por Miami 13','Tour de compras de Tecnologia por Miami 13','1','1','2020-12-03','200','Para Compartir x 3','11399','10','2020-12-03','2020-12-10','10','Habilitado','1');
insert into products values ('41','Tour inolvidable por Paises Bajos ','Tour inolvidable por Paises Bajos . Se necesita visa ','5','8','2020-12-09','365','Para Compartir x 2','5500','5','2020-12-09','2020-12-10','10','Habilitado','1');

-- -----------------------------------------------------
-- Table `reegalo`.`product_image` -- insert
-- -----------------------------------------------------
insert into product_image values ('1','1','image1605145745886.jpg','0');
insert into product_image values ('2','2','Gastronomia.jpg','0');
insert into product_image values ('3','3','Gastronomia.jpg','0');
insert into product_image values ('4','4','image1604975272124.jpg','0');
insert into product_image values ('5','5','image1604975272164.jpg','0');
insert into product_image values ('6','6','Aire-libre.jpg','0');
insert into product_image values ('7','7','Aire-libre.jpg','0');
insert into product_image values ('8','8','Aire-libre.jpg','0');
insert into product_image values ('9','9','Aire-libre.jpg','0');
insert into product_image values ('10','10','Aire-libre.jpg','0');
insert into product_image values ('11','12','espectaculos.jpg','0');
insert into product_image values ('12','13','espectaculos.jpg','0');
insert into product_image values ('13','14','espectaculos.jpg','0');
insert into product_image values ('14','15','espectaculos.jpg','0');
insert into product_image values ('15','16','conocimiento.jpg','0');
insert into product_image values ('16','17','conocimiento.jpg','0');
insert into product_image values ('17','18','conocimiento.jpg','0');
insert into product_image values ('18','19','conocimiento.jpg','0');
insert into product_image values ('19','20','conocimiento.jpg','0');
insert into product_image values ('20','21','parapente.jpg','0');
insert into product_image values ('21','22','parapente.jpg ','0');
insert into product_image values ('22','23','parapente.jpg ','0');
insert into product_image values ('23','24','parapente.jpg ','0');
insert into product_image values ('24','25','parapente.jpg ','0');
insert into product_image values ('25','27','escapadas.jpg','0');
insert into product_image values ('26','28','escapadas.jpg ','0');
insert into product_image values ('27','29','escapadas.jpg ','0');
insert into product_image values ('28','30','escapadas.jpg ','0');
insert into product_image values ('29','31','image1604975129063.jpg','0');
insert into product_image values ('30','32','image1604975889983.jpg','0');
insert into product_image values ('31','33','image1606835183240.jpg','0');
insert into product_image values ('32','34','image1604976149866.jpg','0');
insert into product_image values ('33','35','image1606612448979.jpg','0');
insert into product_image values ('34','36','image1606611621210.jpg','0');
insert into product_image values ('35','38','image1604976149901.jpg','0');
insert into product_image values ('36','40','image1604975272225.jpg','0');
insert into product_image values ('37','41','image1607527874135.jpg','0');
insert into product_image values ('43','31','image1604975129092.jpg','1');
insert into product_image values ('44','31','image1604975129130.jpg','2');
insert into product_image values ('46','32','image1604975890019.jpg','1');
insert into product_image values ('47','32','image1604975890075.jpg','2');
insert into product_image values ('49','34','image1604976149901.jpg','1');
insert into product_image values ('50','34','image1604976149959.jpg','2');
insert into product_image values ('52','1','image1605145745905.jpg','1');
insert into product_image values ('53','1','image1605145745924.jpg','2');
insert into product_image values ('55','36','image1606611621230.jpg','1');
insert into product_image values ('56','36','image1606611621255.jpg','2');
insert into product_image values ('58','35','image1606612449016.jpg','1');
insert into product_image values ('59','35','image1606612449047.jpg','2');
insert into product_image values ('61','33','image1606835183258.jpg','1');
insert into product_image values ('62','33','image1606835183271.jpg','2');
insert into product_image values ('63','38','image1606838128639.jpg','2');
insert into product_image values ('64','38','image1606838128662.jpg','1');
insert into product_image values ('66','41','image1607035308437.png','1');

-- -----------------------------------------------------
-- Table `reegalo`.`comments` -- insert
-- -----------------------------------------------------
insert into comments values ('1','2','1','Salida a pasear con barbijo 1','4.5','2020-12-10');
insert into comments values ('2','2','1','Salida a pasear con barbijo 2','4.5','2020-12-10');
insert into comments values ('3','2','1','Salida a pasear con barbijo 3','4.5','2020-12-10');
insert into comments values ('4','2','2','Salida a pasear con barbijo 4','4.5','2020-12-10');
insert into comments values ('5','2','2','Salida a pasear con barbijo 6','4.5','2020-12-10');
insert into comments values ('6','2','2','Salida a pasear con barbijo 6','4.5','2020-12-10');
insert into comments values ('7','2','2','Salida a pasear con barbijo 7','4.5','2020-12-10');
insert into comments values ('8','2','3','Salida a pasear con barbijo 8','4.5','2020-12-10');
insert into comments values ('9','2','3','Salida a pasear con barbijo 9','4.5','2020-12-10');
insert into comments values ('10','2','3','Salida a pasear con barbijo 10','4.5','2020-12-10');
insert into comments values ('11','2','4','Salida a pasear con barbijo 11','4.5','2020-12-10');
insert into comments values ('12','2','4','Salida a pasear con barbijo 12','4.5','2020-12-10');
insert into comments values ('13','2','4','Salida a pasear con barbijo 13','4.5','2020-12-10');
insert into comments values ('14','2','4','Salida a pasear con barbijo 14','4.5','2020-12-10');
insert into comments values ('15','2','5','Salida a pasear con barbijo 15','4.5','2020-12-10');
insert into comments values ('16','2','5','Salida a pasear con barbijo 16','4.5','2020-12-10');
insert into comments values ('17','2','4','Salida a pasear con barbijo 17','4.5','2020-12-10');
insert into comments values ('18','2','5','Salida a pasear con barbijo 18','4.5','2020-12-10');
insert into comments values ('19','2','6','Salida a pasear con barbijo 1','4.5','2020-12-10');
insert into comments values ('20','2','6','Salida a pasear con barbijo 2','4.5','2020-12-10');
insert into comments values ('21','2','6','Salida a pasear con barbijo 3','4.5','2020-12-10');
insert into comments values ('22','2','7','Salida a pasear con barbijo 4','4.5','2020-12-10');
insert into comments values ('23','2','7','Salida a pasear con barbijo 6','4.5','2020-12-10');
insert into comments values ('24','2','7','Salida a pasear con barbijo 6','4.5','2020-12-10');
insert into comments values ('25','2','7','Salida a pasear con barbijo 7','4.5','2020-12-10');
insert into comments values ('26','2','8','Salida a pasear con barbijo 8','4.5','2020-12-10');
insert into comments values ('27','2','8','Salida a pasear con barbijo 9','4.5','2020-12-10');
insert into comments values ('28','2','8','Salida a pasear con barbijo 10','4.5','2020-12-10');
insert into comments values ('29','2','9','Salida a pasear con barbijo 11','4.5','2020-12-10');
insert into comments values ('30','2','9','Salida a pasear con barbijo 12','4.5','2020-12-10');
insert into comments values ('31','2','9','Salida a pasear con barbijo 13','4.5','2020-12-10');
insert into comments values ('32','2','9','Salida a pasear con barbijo 14','4.5','2020-12-10');
insert into comments values ('33','2','10','Salida a pasear con barbijo 15','4.5','2020-12-10');
insert into comments values ('34','2','10','Salida a pasear con barbijo 16','4.5','2020-12-10');
insert into comments values ('35','2','10','Salida a pasear con barbijo 17','4.5','2020-12-10');
insert into comments values ('36','2','10','Salida a pasear con barbijo 18','4.5','2020-12-10');
insert into comments values ('40','2','12','Salida a pasear con barbijo 4','4.5','2020-12-10');
insert into comments values ('41','2','12','Salida a pasear con barbijo 6','4.5','2020-12-10');
insert into comments values ('42','2','12','Salida a pasear con barbijo 6','4.5','2020-12-10');
insert into comments values ('43','2','12','Salida a pasear con barbijo 7','4.5','2020-12-10');
insert into comments values ('44','2','13','Salida a pasear con barbijo 8','4.5','2020-12-10');
insert into comments values ('45','2','13','Salida a pasear con barbijo 9','4.5','2020-12-10');
insert into comments values ('46','2','13','Salida a pasear con barbijo 10','4.5','2020-12-10');
insert into comments values ('47','2','14','Salida a pasear con barbijo 11','4.5','2020-12-10');
insert into comments values ('48','2','14','Salida a pasear con barbijo 12','4.5','2020-12-10');
insert into comments values ('49','2','14','Salida a pasear con barbijo 13','4.5','2020-12-10');
insert into comments values ('50','2','14','Salida a pasear con barbijo 14','4.5','2020-12-10');
insert into comments values ('51','2','15','Salida a pasear con barbijo 15','4.5','2020-12-10');
insert into comments values ('52','2','15','Salida a pasear con barbijo 16','4.5','2020-12-10');
insert into comments values ('53','2','14','Salida a pasear con barbijo 17','4.5','2020-12-10');
insert into comments values ('54','2','15','Salida a pasear con barbijo 18','4.5','2020-12-10');
insert into comments values ('55','2','16','Salida a pasear con barbijo 1','4.5','2020-12-10');
insert into comments values ('56','2','16','Salida a pasear con barbijo 2','4.5','2020-12-10');
insert into comments values ('57','2','16','Salida a pasear con barbijo 3','4.5','2020-12-10');
insert into comments values ('58','2','17','Salida a pasear con barbijo 4','4.5','2020-12-10');
insert into comments values ('59','2','17','Salida a pasear con barbijo 6','4.5','2020-12-10');
insert into comments values ('60','2','17','Salida a pasear con barbijo 6','4.5','2020-12-10');
insert into comments values ('61','2','17','Salida a pasear con barbijo 7','4.5','2020-12-10');
insert into comments values ('62','2','18','Salida a pasear con barbijo 8','4.5','2020-12-10');
insert into comments values ('63','2','18','Salida a pasear con barbijo 9','4.5','2020-12-10');
insert into comments values ('64','2','18','Salida a pasear con barbijo 10','4.5','2020-12-10');
insert into comments values ('65','2','19','Salida a pasear con barbijo 11','4.5','2020-12-10');
insert into comments values ('66','2','19','Salida a pasear con barbijo 12','4.5','2020-12-10');
insert into comments values ('67','2','19','Salida a pasear con barbijo 13','4.5','2020-12-10');
insert into comments values ('68','2','19','Salida a pasear con barbijo 14','4.5','2020-12-10');
insert into comments values ('69','2','20','Salida a pasear con barbijo 15','4.5','2020-12-10');
insert into comments values ('70','2','20','Salida a pasear con barbijo 18','4.5','2020-12-10');
insert into comments values ('71','2','21','Salida a pasear con barbijo 1','4.5','2020-12-10');
insert into comments values ('72','2','21','Salida a pasear con barbijo 2','4.5','2020-12-10');
insert into comments values ('73','2','21','Salida a pasear con barbijo 3','4.5','2020-12-10');
insert into comments values ('74','2','22','Salida a pasear con barbijo 4','4.5','2020-12-10');
insert into comments values ('75','2','22','Salida a pasear con barbijo 6','4.5','2020-12-10');
insert into comments values ('76','2','22','Salida a pasear con barbijo 6','4.5','2020-12-10');
insert into comments values ('77','2','22','Salida a pasear con barbijo 7','4.5','2020-12-10');
insert into comments values ('78','2','23','Salida a pasear con barbijo 8','4.5','2020-12-10');
insert into comments values ('79','2','23','Salida a pasear con barbijo 9','4.5','2020-12-10');
insert into comments values ('80','2','23','Salida a pasear con barbijo 10','4.5','2020-12-10');
insert into comments values ('81','2','24','Salida a pasear con barbijo 11','4.5','2020-12-10');
insert into comments values ('82','2','24','Salida a pasear con barbijo 12','4.5','2020-12-10');
insert into comments values ('83','2','24','Salida a pasear con barbijo 13','4.5','2020-12-10');
insert into comments values ('84','2','24','Salida a pasear con barbijo 14','4.5','2020-12-10');
insert into comments values ('85','2','25','Salida a pasear con barbijo 15','4.5','2020-12-10');
insert into comments values ('86','2','25','Salida a pasear con barbijo 16','4.5','2020-12-10');
insert into comments values ('87','2','24','Salida a pasear con barbijo 17','4.5','2020-12-10');
insert into comments values ('88','2','25','Salida a pasear con barbijo 18','4.5','2020-12-10');
insert into comments values ('101','2','27','Salida a pasear con barbijo 4','4.5','2020-12-10');
insert into comments values ('102','2','27','Salida a pasear con barbijo 6','4.5','2020-12-10');
insert into comments values ('103','2','27','Salida a pasear con barbijo 6','4.5','2020-12-10');
insert into comments values ('104','2','27','Salida a pasear con barbijo 7','4.5','2020-12-10');
insert into comments values ('105','2','28','Salida a pasear con barbijo 8','4.5','2020-12-10');
insert into comments values ('106','2','28','Salida a pasear con barbijo 9','4.5','2020-12-10');
insert into comments values ('107','2','28','Salida a pasear con barbijo 10','4.5','2020-12-10');
insert into comments values ('108','2','29','Salida a pasear con barbijo 11','4.5','2020-12-10');
insert into comments values ('109','2','29','Salida a pasear con barbijo 12','4.5','2020-12-10');
insert into comments values ('110','2','29','Salida a pasear con barbijo 13','4.5','2020-12-10');
insert into comments values ('111','2','29','Salida a pasear con barbijo 14','4.5','2020-12-10');
insert into comments values ('112','2','30','Salida a pasear con barbijo 15','4.5','2020-12-10');
insert into comments values ('113','2','30','Salida a pasear con barbijo 16','4.5','2020-12-10');
insert into comments values ('114','2','30','Salida a pasear con barbijo 17','4.5','2020-12-10');
insert into comments values ('115','2','30','Salida a pasear con barbijo 18','4.5','2020-12-10');
insert into comments values ('116','2','31','Salida a pasear con barbijo 1','4.5','2020-12-10');
insert into comments values ('117','2','31','Salida a pasear con barbijo 2','4.5','2020-12-10');
insert into comments values ('118','2','31','Salida a pasear con barbijo 3','4.5','2020-12-10');
insert into comments values ('119','2','32','Salida a pasear con barbijo 4','4.5','2020-12-10');
insert into comments values ('120','2','32','Salida a pasear con barbijo 6','4.5','2020-12-10');
insert into comments values ('121','2','32','Salida a pasear con barbijo 6','4.5','2020-12-10');
insert into comments values ('122','2','32','Salida a pasear con barbijo 7','4.5','2020-12-10');
insert into comments values ('123','2','33','Salida a pasear con barbijo 8','4.5','2020-12-10');
insert into comments values ('124','2','33','Salida a pasear con barbijo 9','4.5','2020-12-10');
insert into comments values ('125','2','33','Salida a pasear con barbijo 10','4.5','2020-12-10');
insert into comments values ('126','2','34','Salida a pasear con barbijo 11','4.5','2020-12-10');
insert into comments values ('127','2','34','Salida a pasear con barbijo 12','4.5','2020-12-10');
insert into comments values ('128','2','34','Salida a pasear con barbijo 13','4.5','2020-12-10');
insert into comments values ('129','2','34','Salida a pasear con barbijo 14','4.5','2020-12-10');
insert into comments values ('130','2','35','Salida a pasear con barbijo 15','4.5','2020-12-10');
insert into comments values ('131','2','35','Salida a pasear con barbijo 16','4.5','2020-12-10');
insert into comments values ('132','2','34','Salida a pasear con barbijo 17','4.5','2020-12-10');
insert into comments values ('133','2','35','Salida a pasear con barbijo 18','4.5','2020-12-10');
insert into comments values ('134','2','36','Salida a pasear con barbijo 1','4.5','2020-12-10');
insert into comments values ('135','2','36','Salida a pasear con barbijo 2','4.5','2020-12-10');
insert into comments values ('136','2','36','Salida a pasear con barbijo 3','4.5','2020-12-10');
insert into comments values ('141','2','38','Salida a pasear con barbijo 8','4.5','2020-12-10');
insert into comments values ('142','2','38','Salida a pasear con barbijo 9','4.5','2020-12-10');
insert into comments values ('143','2','38','Salida a pasear con barbijo 10','4.5','2020-12-10');
insert into comments values ('148','2','40','Salida a pasear con barbijo 15','4.5','2020-12-10');
insert into comments values ('149','2','40','Salida a pasear con barbijo 16','4.5','2020-12-10');
insert into comments values ('150','2','40','Salida a pasear con barbijo 17','4.5','2020-12-10');
insert into comments values ('151','2','40','Salida a pasear con barbijo 18','4.5','2020-12-10');
insert into comments values ('152','2','41','Salida a pasear con barbijo 15','4.5','2020-12-10');
insert into comments values ('153','2','41','Salida a pasear con barbijo 16','4.5','2020-12-10');
insert into comments values ('154','2','41','Salida a pasear con barbijo 17','4.5','2020-12-10');
insert into comments values ('155','2','41','Salida a pasear con barbijo 18','4.5','2020-12-10');
